Service ID,Name,Category
455011,Flywheel Compute Charge,Flywheel
380316,Flywheel Gear Customization,Flywheel
455013,Flywheel Initial Analysis Gear Charge,Flywheel
455017,Flywheel MRI Scan - HUP6,Flywheel
454998,Flywheel MRI Scan - SC3T,Flywheel
455018,Flywheel MRI Scan - SC7T,Flywheel
455012,Flywheel Storage Charge,Flywheel
455000,Google Cloud Computing Charges,Google Cloud
455010,Google Cloud One Time Credits,Google Cloud
455009,Google Cloud Persistent Storage,Google Cloud
380318,Neuromodulation Consultation,Neuromodulation
379697,Neuromodulation Project Initiation Fee,Neuromodulation
